{"cameraMode":{"drawMode":0,"name":"Shaded","section":"Shading Mode"},"sceneLighting":true,"audioPlay":false,"sceneViewState":{"m_AlwaysRefresh":false,"showFog":true,"showSkybox":true,"showFlares":true,"showImageEffects":true,"showParticleSystems":true,"showVisualEffectGraphs":true,"m_FxEnabled":true},"in2DMode":false,"pivot":{"x":370.53302001953127,"y":207.11566162109376,"z":26.830228805541993},"rotation":{"x":-0.15559320151805879,"y":-0.03200271353125572,"z":0.005042098928242922,"w":-0.9872963428497315},"size":237.24549865722657,"orthographic":true}